product_id,source_code,external_id,alias_text
hutt-10,idealo,209545339_-fensterputzroboter-10-weiss-eckig-hutt,HUTT Fensterputzroboter 10 weiß eckig
hutt-10,geizhals,hutt-10-fensterreinigungsroboter-a3772143,Hutt 10 Fensterreinigungsroboter
ecovacs-w3-omni,idealo,209453774_-winbot-w3-omni-ecovacs,ECOVACS Winbot W3 Omni
ecovacs-w3-omni,geizhals,ecovacs-winbot-w3-omni-fensterreinigungsroboter-a3725054,ECOVACS Winbot W3 Omni Fensterreinigungsroboter
ecovacs-w2s-omni,idealo,207671271_-winbot-w2s-omni-ecovacs,ECOVACS Winbot W2S Omni
ecovacs-w2s-omni,geizhals,ecovacs-winbot-w2s-omni-fensterreinigungsroboter-a3592415,ECOVACS Winbot W2S Omni Fensterreinigungsroboter
ecovacs-w2-pro-omni,idealo,205855375_-winbot-w2-pro-omni-ecovacs,ECOVACS Winbot W2 Pro Omni
ecovacs-w2-pro-omni,geizhals,ecovacs-winbot-w2-pro-omni-fensterreinigungsroboter-a3418279,ECOVACS Winbot W2 Pro Omni Fensterreinigungsroboter
ecovacs-winbot-mini,idealo,205850152_-winbot-mini-grau-ecovacs,ECOVACS Winbot Mini grau
ecovacs-winbot-mini,geizhals,ecovacs-winbot-mini-fensterreinigungsroboter-grau-a3414615,ECOVACS Winbot Mini Fensterreinigungsroboter grau
imoo-z1,geizhals,imoo-watch-phone-z1-v119159,imoo Watch Phone Z1 (Variantenübersicht alle Farben)
imoo-x10,geizhals,imoo-watch-phone-x10-weiss-a3689726,imoo Watch Phone X10 weiß
xplora-xgo3,geizhals,xplora-xgo3-v113036,Xplora XGo3 (Variantenübersicht alle Farben)
xplora-x6play,geizhals,xplora-x6-play-v221128,Xplora X6 Play (Variantenübersicht alle Farben;不含 2. Gen)
imoo-z7,geizhals,imoo-smartwatch-z7-blau-a3945406,imoo Smartwatch Z7 blau
imoo-z3,geizhals,https://geizhals.de/6823412496,imoo Z3 Smart Watch Kinder 4G Blau(Geizhals 未收录的单商家页，只有纯数字 id、加 .html 会 404，故填整条 URL)
ecovacs-winbot-mini-2,geizhals,ecovacs-winbot-mini-2-fensterreinigungsroboter-a3783716,Ecovacs Winbot Mini 2 Fensterreinigungsroboter
tcl-mt48,geizhals,tcl-movetime-kids-watch-mt48-v227557,TCL Movetime Kids' Watch MT48 (Variantenübersicht alle Farben)
imoo-z1,amazon_de,B098DHP7SD,"imoo Z1 Smartwatch Kinder 绿(IMOO Direct 父体 B0HBWP4Z41;另有第二组父体 B0HDJ7RMX9 的 Z1 绿 B0CQR51GJ5 排名更靠前,待定是否一并跟踪)"
imoo-z3,amazon_de,B0FNWFQ2FP,"imoo Z3 Smartwatch Kinder 蓝(IMOO Direct 父体;礼盒装 B0GJDB3J57/B0GJD3KRMD 不跟)"
imoo-z7,amazon_de,B0CXSSLDW5,"imoo Z7 Smartwatch Kinder 蓝(IMOO Direct 父体)"
imoo-x10,amazon_de,B0FNCZP34X,"imoo X10 Smartwatch Kinder 灰(IMOO Direct 父体;2026-09 仅 7 条评分)"
xplora-xgo3,amazon_de,B0B3KW9YFK,"XPLORA XGO 3 蓝(父体 B0B7GJ8LFJ;不跟带 SIM 合约的捆绑款)"
xplora-x6play,amazon_de,B0BD8YY6C2,"XPLORA X6 Play 粉 一代(父体 B0BR893M4T;不跟 SIM 捆绑款与 Telekom eSIM 版 B0C33QFSSL)"
tcl-mt48,amazon_de,B0GLNHVCX9,"TCL MOVETIME MT48(X) 蓝(父体 B0GC6NDLDY;不跟 Telekom SIM 捆绑款 B0G355MSGG)"
imoo-z1-l2,amazon_de,B0CQR51GJ5,"imoo Z1 Grün(第二组父商品 B0HDJ7RMX9;2026-09-29 BSR #1.675,高于 IMOO Direct 组的 #3.313)"
imoo-z3-l2,amazon_de,B0FWBN841X,"imoo Z3 Bleu(第二组父商品;礼盒装 B0GYH7JSV7/B0GYHL29K1 不跟)"
imoo-z7-l2,amazon_de,B0D49DD7J4,"imoo Z7 Blau(第二组父商品)"
imoo-x10-l2,amazon_de,B0FSR5ZYVK,"imoo X10 Gris(第二组父商品;与 IMOO Direct 组一样跟灰色)"
xplora-x6play-telekom,amazon_de,B0C33QFSSL,"Deutsche Telekom Xplora Kids Watch X6 Play eSIM schwarz(2026-09-29 BSR #29.853)"
